trip_id,user_id,car_id,start_latitude,start_longitude,end_latitude,end_longitude,start_address,end_address,distance_km,estimated_energy_kwh,actual_energy_kwh,duration_minutes,start_time,end_time,charging_stops,total_charging_time_minutes,cost_usd,weather,notes
trip_0001,user_002,car_002,34.091997,-118.19412,32.734829,-117.201589,"128 Main St, Los Angeles","123 Maple Ave, San Diego",191.14,42.3,32.01,143,2025-11-18T20:14:35.905721,2025-11-16T19:14:35.905721,1,23,17.83,Rainy,Traffic delays
trip_0002,user_003,car_003,41.912438,-87.660349,39.738394,-86.18056,"644 Oak St, Chicago","911 Maple Ave, Indianapolis",317.65,72.81,76.72,238,2025-11-25T20:14:35.905721,2025-11-10T15:14:35.905721,1,22,24.01,Cloudy,Traffic delays
trip_0003,user_004,car_004,39.935841,-75.154552,38.909568,-77.025458,"348 Oak St, Philadelphia","582 Maple Ave, Washington DC",221.68,40.13,46.43,166,2025-11-19T20:14:35.905721,2025-12-03T16:14:35.905721,1,29,12.38,Rainy,Smooth trip
trip_0004,user_005,car_005,39.755249,-104.942604,38.792331,-104.840548,"714 Main St, Denver","593 Pine Ave, Colorado Springs",106.22,25.93,16.85,80,2025-12-05T20:14:35.905721,2025-11-27T16:14:35.905721,2,59,15.04,Windy,Smooth trip
trip_0005,user_006,car_006,34.082868,-118.291844,32.72882,-117.143648,"766 Main St, Los Angeles","498 Pine Ave, San Diego",178.88,41.79,28.38,134,2025-11-25T20:14:35.905721,2025-11-19T15:14:35.905721,2,6,24.41,Rainy,
trip_0006,user_007,car_007,39.92902,-75.189226,38.893232,-77.026777,"334 Oak St, Philadelphia","893 Maple Ave, Washington DC",208.13,36.93,41.72,156,2025-12-03T20:14:35.905721,2025-11-06T19:14:35.905721,0,16,22.12,Rainy,Charged at station
trip_0007,user_008,car_008,34.091806,-118.22764,32.687061,-117.168563,"774 Main St, Los Angeles","443 Pine Ave, San Diego",178.29,28.55,42.53,134,2025-11-14T20:14:35.905721,2025-12-02T15:14:35.905721,2,13,24.69,Clear,Charged at station
trip_0008,user_009,car_009,33.742151,-84.432595,35.179711,-80.860164,"435 Oak St, Atlanta","925 Pine Ave, Charlotte",364.94,59.49,80.61,274,2025-11-10T20:14:35.905721,2025-11-15T18:14:35.905721,0,25,42.9,Windy,Traffic delays
trip_0009,user_010,car_010,47.63234,-122.374657,45.474949,-122.681405,"891 Oak St, Seattle","184 Maple Ave, Portland",276.65,57.74,66.01,207,2025-11-30T20:14:35.905721,2025-11-14T15:14:35.905721,0,60,20.63,Clear,Smooth trip
trip_0010,user_011,car_011,40.752346,-74.021373,42.364892,-71.038979,"999 Main St, New York","570 Maple Ave, Boston",325.68,54.53,71.3,244,2025-11-12T20:14:35.905721,2025-11-28T15:14:35.905721,1,5,27.42,Windy,Smooth trip
trip_0011,user_012,car_012,40.674102,-74.027875,42.354452,-71.024873,"271 Oak St, New York","357 Pine Ave, Boston",327.35,56.97,78.46,246,2025-12-04T20:14:35.905721,2025-11-22T15:14:35.905721,2,7,22.17,Cloudy,
trip_0012,user_013,car_013,33.708921,-84.392635,35.245405,-80.848665,"933 Oak St, Atlanta","411 Maple Ave, Charlotte",406.07,77.93,96.63,305,2025-11-29T20:14:35.905721,2025-12-05T15:14:35.905721,2,3,40.87,Windy,Traffic delays
trip_0013,user_014,car_014,32.799342,-96.82418,32.741816,-97.316864,"291 Oak St, Dallas","197 Pine Ave, Fort Worth",54.18,8.15,7.82,41,2025-11-10T20:14:35.905721,2025-11-07T18:14:35.905721,0,52,8.03,Clear,Traffic delays
trip_0014,user_015,car_015,29.737988,-95.41414,30.28448,-97.730513,"752 Main St, Houston","376 Maple Ave, Austin",252.61,48.07,44.23,189,2025-11-19T20:14:35.905721,2025-11-27T19:14:35.905721,0,5,23.47,Clear,Traffic delays
trip_0015,user_016,car_016,34.029458,-118.288303,32.678605,-117.165809,"880 Oak St, Los Angeles","815 Pine Ave, San Diego",173.27,34.39,27.92,130,2025-11-19T20:14:35.905721,2025-11-21T15:14:35.905721,2,30,22.11,Windy,Smooth trip
trip_0016,user_017,car_017,29.742263,-95.397149,30.296265,-97.787172,"136 Oak St, Houston","413 Maple Ave, Austin",267.42,47.55,60.41,201,2025-11-29T20:14:35.905721,2025-12-02T19:14:35.905721,0,1,17.55,Clear,
trip_0017,user_018,car_018,37.771832,-122.444043,37.381054,-121.84723,"677 Main St, San Francisco","963 Maple Ave, San Jose",74.82,18.67,17.45,56,2025-11-23T20:14:35.906313,2025-12-04T18:14:35.906313,0,20,10.9,Rainy,Traffic delays
trip_0018,user_019,car_019,33.760389,-84.436032,35.21903,-80.853719,"687 Oak St, Atlanta","255 Pine Ave, Charlotte",366.58,60.92,91.33,275,2025-11-19T20:14:35.906313,2025-11-08T16:14:35.906313,2,22,22.1,Clear,Charged at station
trip_0019,user_020,car_020,41.846372,-87.588901,39.777264,-86.133101,"807 Main St, Chicago","494 Maple Ave, Indianapolis",276.04,55.57,65.62,207,2025-11-16T20:14:35.906313,2025-11-13T19:14:35.906313,2,58,32.31,Rainy,Traffic delays
trip_0020,user_021,car_021,40.690421,-73.968003,42.331818,-71.104017,"161 Main St, New York","814 Maple Ave, Boston",370.43,82.37,65.82,278,2025-12-04T20:14:35.906313,2025-11-08T17:14:35.906313,0,32,40.42,Rainy,Charged at station
trip_0021,user_022,car_022,39.738642,-104.990622,38.818359,-104.847925,"837 Oak St, Denver","204 Maple Ave, Colorado Springs",110.9,25.14,27.08,83,2025-11-15T20:14:35.906313,2025-11-25T15:14:35.906313,2,40,13.43,Windy,Traffic delays
trip_0022,user_023,car_023,47.581718,-122.302657,45.510893,-122.68719,"687 Main St, Seattle","537 Pine Ave, Portland",279.3,44.8,56.5,209,2025-11-30T20:14:35.906313,2025-11-12T17:14:35.906313,0,37,36.14,Rainy,
trip_0023,user_024,car_024,41.871733,-87.589761,39.719975,-86.169061,"168 Oak St, Chicago","392 Maple Ave, Indianapolis",272.92,56.76,43.3,205,2025-11-16T20:14:35.906313,2025-11-14T16:14:35.906313,2,32,33.45,Clear,Smooth trip
trip_0024,user_025,car_025,33.722435,-84.418659,35.215518,-80.801712,"822 Main St, Atlanta","164 Maple Ave, Charlotte",388.41,88.11,57.51,291,2025-11-25T20:14:35.906313,2025-11-19T17:14:35.906313,2,55,23.85,Windy,Traffic delays
trip_0025,user_026,car_026,47.636233,-122.292321,45.479529,-122.648764,"298 Main St, Seattle","614 Pine Ave, Portland",271.46,41.47,45.11,204,2025-12-02T20:14:35.906313,2025-12-02T15:14:35.906313,0,33,14.8,Cloudy,Traffic delays
trip_0026,user_027,car_027,40.728269,-74.018879,42.344386,-71.091885,"573 Main St, New York","946 Pine Ave, Boston",343.78,82.21,77.16,258,2025-11-17T20:14:35.906313,2025-11-13T16:14:35.906313,1,53,36.18,Windy,Smooth trip
trip_0027,user_028,car_028,34.017273,-118.273733,32.713183,-117.122427,"836 Main St, Los Angeles","660 Maple Ave, San Diego",207.7,32.21,37.12,156,2025-11-25T20:14:35.906313,2025-11-17T19:14:35.906313,0,4,30.88,Clear,Traffic delays
trip_0028,user_029,car_029,37.726043,-122.397187,37.330121,-121.874558,"398 Main St, San Francisco","161 Maple Ave, San Jose",73.71,17.75,11.07,55,2025-12-02T20:14:35.906313,2025-11-17T19:14:35.906313,0,33,7.93,Cloudy,Traffic delays
trip_0029,user_030,car_030,41.840121,-87.618305,39.756572,-86.145499,"242 Oak St, Chicago","296 Pine Ave, Indianapolis",274.36,66.17,70.76,206,2025-12-05T20:14:35.906313,2025-11-08T17:14:35.906313,0,42,15.42,Cloudy,
trip_0030,user_031,car_031,37.729951,-122.453091,37.354859,-121.867134,"111 Oak St, San Francisco","156 Pine Ave, San Jose",65.51,14.93,14.69,49,2025-12-04T20:14:35.906313,2025-11-07T18:14:35.906313,0,37,5.56,Clear,Charged at station
trip_0031,user_032,car_032,41.837264,-87.586886,39.760941,-86.157732,"113 Main St, Chicago","473 Pine Ave, Indianapolis",294.08,51.69,73.84,221,2025-11-15T20:14:35.906313,2025-11-23T19:14:35.906313,2,3,36.01,Windy,Charged at station
trip_0032,user_033,car_033,39.987168,-75.126434,38.947729,-76.992155,"591 Oak St, Philadelphia","240 Pine Ave, Washington DC",212.33,32.75,50.59,159,2025-11-21T20:14:35.906313,2025-11-30T16:14:35.906313,1,25,15.99,Windy,Smooth trip
trip_0033,user_034,car_034,39.733828,-104.951796,38.831122,-104.830126,"163 Oak St, Denver","691 Pine Ave, Colorado Springs",120.44,18.57,22.08,90,2025-12-03T20:14:35.906313,2025-11-18T18:14:35.906313,0,34,12.58,Clear,Traffic delays
trip_0034,user_035,car_035,32.729819,-96.763905,32.766429,-97.332422,"903 Main St, Dallas","848 Maple Ave, Fort Worth",53.84,9.24,13.21,40,2025-11-15T20:14:35.906313,2025-11-28T17:14:35.906313,2,45,3.16,Clear,
trip_0035,user_036,car_036,33.775106,-84.416928,35.196544,-80.876534,"950 Oak St, Atlanta","639 Maple Ave, Charlotte",354.62,78.86,50.93,266,2025-11-28T20:14:35.906313,2025-11-21T17:14:35.906313,1,18,18.02,Windy,
trip_0036,user_037,car_037,39.906209,-75.143566,38.908934,-77.083487,"423 Main St, Philadelphia","249 Maple Ave, Washington DC",200.11,37.05,44.23,150,2025-11-28T20:14:35.906313,2025-11-11T15:14:35.906313,0,60,14.28,Cloudy,
trip_0037,user_038,car_038,33.725033,-84.39365,35.233744,-80.886593,"414 Oak St, Atlanta","775 Pine Ave, Charlotte",342.89,51.7,85.07,257,2025-11-08T20:14:35.906313,2025-11-11T16:14:35.906313,1,54,25.98,Cloudy,Traffic delays
trip_0038,user_039,car_039,33.69989,-84.371699,35.262641,-80.858088,"159 Main St, Atlanta","958 Pine Ave, Charlotte",388.55,82.91,83.08,291,2025-11-22T20:14:35.906313,2025-11-30T17:14:35.906313,0,38,31.27,Windy,Traffic delays
trip_0039,user_040,car_040,33.769222,-84.361827,35.223454,-80.800934,"914 Oak St, Atlanta","666 Maple Ave, Charlotte",383.78,72.67,95.52,288,2025-11-21T20:14:35.906313,2025-11-22T18:14:35.906313,2,58,39.53,Windy,Charged at station
trip_0040,user_041,car_041,39.699663,-104.947475,38.82567,-104.772028,"339 Main St, Denver","699 Pine Ave, Colorado Springs",120.6,24.5,18.58,90,2025-11-06T20:14:35.906313,2025-11-09T19:14:35.906313,1,14,7.56,Cloudy,Charged at station
trip_0041,user_042,car_042,34.038811,-118.208864,32.760392,-117.134452,"710 Main St, Los Angeles","838 Pine Ave, San Diego",205.36,42.85,41.63,154,2025-11-29T20:14:35.906313,2025-11-14T16:14:35.906313,1,27,13.91,Rainy,Smooth trip
trip_0042,user_043,car_043,29.731529,-95.377272,30.247309,-97.760331,"821 Oak St, Houston","313 Pine Ave, Austin",283.51,55.98,53.24,213,2025-11-08T20:14:35.906313,2025-11-18T19:14:35.906313,2,1,39.33,Windy,
trip_0043,user_044,car_044,34.070313,-118.200754,32.700198,-117.173696,"385 Main St, Los Angeles","179 Pine Ave, San Diego",199.12,43.25,40.1,149,2025-11-23T20:14:35.906840,2025-11-11T15:14:35.906840,1,13,27.29,Clear,Traffic delays
trip_0044,user_045,car_045,47.601421,-122.35703,45.505632,-122.667021,"478 Oak St, Seattle","598 Pine Ave, Portland",258.22,61.59,40.09,194,2025-11-13T20:14:35.906840,2025-11-29T16:14:35.906840,0,27,28.43,Rainy,Smooth trip
trip_0045,user_046,car_046,34.061084,-118.216864,32.703338,-117.111711,"132 Main St, Los Angeles","680 Maple Ave, San Diego",171.78,33.78,28.12,129,2025-12-05T20:14:35.906840,2025-11-30T16:14:35.906840,1,13,10.11,Cloudy,Smooth trip
trip_0046,user_047,car_047,32.822986,-96.843288,32.7395,-97.303681,"717 Main St, Dallas","407 Maple Ave, Fort Worth",54.26,10.33,13.59,41,2025-11-16T20:14:35.906840,2025-11-26T17:14:35.906840,1,21,5.76,Clear,Traffic delays
trip_0047,user_048,car_048,47.568216,-122.357174,45.497121,-122.661314,"170 Oak St, Seattle","717 Pine Ave, Portland",285.59,61.28,52.01,214,2025-11-28T20:14:35.906840,2025-11-20T15:14:35.906840,2,55,34.24,Cloudy,Traffic delays
trip_0048,user_049,car_049,37.762305,-122.370896,37.33302,-121.908624,"136 Main St, San Francisco","893 Pine Ave, San Jose",66.48,11.3,12.28,50,2025-11-12T20:14:35.906840,2025-11-10T17:14:35.906840,2,4,7.6,Cloudy,Smooth trip
trip_0049,user_050,car_050,37.80984,-122.405093,37.318135,-121.846314,"981 Oak St, San Francisco","126 Pine Ave, San Jose",65.73,12.91,11.48,49,2025-11-09T20:14:35.906840,2025-11-13T19:14:35.906840,2,30,7.44,Rainy,Charged at station
trip_0050,user_051,car_051,34.05834,-118.284351,32.725018,-117.157403,"324 Oak St, Los Angeles","549 Maple Ave, San Diego",204.97,34.41,50.65,154,2025-11-27T20:14:35.906840,2025-11-13T19:14:35.906840,2,8,15.93,Windy,
trip_0051,user_052,car_052,37.727563,-122.378545,37.293629,-121.905218,"596 Main St, San Francisco","409 Maple Ave, San Jose",66.99,12.38,16.32,50,2025-11-22T20:14:35.906840,2025-11-08T16:14:35.906840,2,43,8.08,Windy,Traffic delays
trip_0052,user_053,car_053,29.744633,-95.375106,30.269082,-97.781971,"648 Main St, Houston","980 Maple Ave, Austin",281.67,50.46,68.48,211,2025-11-13T20:14:35.906840,2025-12-02T17:14:35.906840,1,16,27.88,Cloudy,Traffic delays
trip_0053,user_054,car_054,47.647602,-122.368606,45.553953,-122.651995,"774 Oak St, Seattle","539 Pine Ave, Portland",257.7,41.21,38.58,193,2025-11-07T20:14:35.906840,2025-11-19T19:14:35.906840,0,10,27.81,Cloudy,
trip_0054,user_055,car_055,39.749304,-105.009734,38.814495,-104.831209,"280 Main St, Denver","287 Pine Ave, Colorado Springs",110.92,27.7,16.16,83,2025-11-16T20:14:35.906840,2025-11-06T19:14:35.906840,2,14,7.05,Cloudy,Charged at station
trip_0055,user_056,car_056,34.005371,-118.256491,32.76494,-117.155585,"338 Main St, Los Angeles","597 Pine Ave, San Diego",188.07,35.83,43.29,141,2025-12-01T20:14:35.906840,2025-11-15T18:14:35.906840,2,29,11.23,Cloudy,
trip_0056,user_057,car_057,47.602748,-122.354963,45.513403,-122.715113,"749 Main St, Seattle","316 Pine Ave, Portland",289.29,47.35,44.27,217,2025-11-19T20:14:35.906840,2025-12-05T17:14:35.906840,2,16,19.87,Rainy,
trip_0057,user_058,car_058,39.966541,-75.193866,38.88005,-77.034171,"657 Oak St, Philadelphia","111 Pine Ave, Washington DC",200.76,38.37,44.21,151,2025-12-04T20:14:35.906840,2025-11-10T18:14:35.906840,0,23,23.89,Cloudy,Smooth trip
trip_0058,user_059,car_059,39.756009,-105.01042,38.856846,-104.77266,"392 Main St, Denver","879 Pine Ave, Colorado Springs",101.71,20.64,24.54,76,2025-11-25T20:14:35.906840,2025-12-05T17:14:35.906840,0,19,5.51,Clear,Charged at station
trip_0059,user_060,car_060,39.751732,-104.943849,38.795172,-104.843008,"289 Oak St, Denver","283 Pine Ave, Colorado Springs",110.92,22.72,18.12,83,2025-11-09T20:14:35.906840,2025-11-11T17:14:35.906840,1,56,6.27,Clear,
trip_0060,user_001,car_061,39.720422,-104.98726,38.838725,-104.848133,"351 Main St, Denver","403 Maple Ave, Colorado Springs",115.56,19.98,23.21,87,2025-11-25T20:14:35.906840,2025-11-09T16:14:35.906840,0,27,7.92,Clear,Charged at station
trip_0061,user_002,car_062,39.777186,-105.039954,38.798529,-104.858585,"597 Oak St, Denver","921 Pine Ave, Colorado Springs",104.13,18.34,26.26,78,2025-11-09T20:14:35.906840,2025-11-15T16:14:35.906840,1,29,11.09,Clear,Charged at station
trip_0062,user_003,car_063,47.632248,-122.327311,45.503979,-122.634617,"792 Oak St, Seattle","767 Pine Ave, Portland",285.2,51.6,65.9,214,2025-12-04T20:14:35.906840,2025-11-12T15:14:35.906840,0,46,20.36,Windy,
trip_0063,user_004,car_064,37.753863,-122.390105,37.37151,-121.89948,"623 Main St, San Francisco","169 Maple Ave, San Jose",66.01,10.8,10.9,50,2025-11-26T20:14:35.906840,2025-11-19T16:14:35.906840,0,26,4.45,Rainy,Smooth trip
trip_0064,user_005,car_065,32.787664,-96.842702,32.717426,-97.282082,"488 Oak St, Dallas","302 Pine Ave, Fort Worth",45.46,9.7,11.39,34,2025-11-24T20:14:35.906840,2025-12-04T19:14:35.906840,2,35,5.73,Cloudy,Traffic delays
trip_0065,user_006,car_066,39.702605,-104.975159,38.78503,-104.802125,"297 Main St, Denver","320 Pine Ave, Colorado Springs",119.14,25.12,27.12,89,2025-11-28T20:14:35.906840,2025-11-21T19:14:35.906840,0,46,6.21,Rainy,Traffic delays
trip_0066,user_007,car_067,39.999975,-75.20812,38.918619,-77.02661,"924 Main St, Philadelphia","666 Maple Ave, Washington DC",226.21,48.95,37.94,170,2025-11-10T20:14:35.906840,2025-11-21T16:14:35.906840,0,29,13.0,Clear,
trip_0067,user_008,car_068,39.726366,-104.948773,38.826223,-104.85411,"103 Main St, Denver","253 Maple Ave, Colorado Springs",114.23,20.53,19.81,86,2025-11-08T20:14:35.906840,2025-11-30T16:14:35.906840,0,35,9.38,Windy,
trip_0068,user_009,car_069,39.762306,-104.987612,38.878589,-104.859121,"558 Oak St, Denver","980 Pine Ave, Colorado Springs",110.82,24.56,15.58,83,2025-11-19T20:14:35.906840,2025-11-10T16:14:35.906840,0,32,15.41,Cloudy,Traffic delays
trip_0069,user_010,car_070,32.74877,-96.801937,32.734633,-97.290311,"885 Main St, Dallas","952 Maple Ave, Fort Worth",52.65,11.82,13.34,39,2025-12-02T20:14:35.906840,2025-11-07T16:14:35.906840,2,6,5.24,Cloudy,
trip_0070,user_011,car_071,34.056868,-118.199874,32.723505,-117.143232,"578 Main St, Los Angeles","437 Pine Ave, San Diego",192.9,45.36,30.58,145,2025-11-09T20:14:35.906840,2025-11-08T19:14:35.906840,2,38,11.94,Windy,Charged at station
trip_0071,user_012,car_072,39.758917,-104.990753,38.808105,-104.812266,"220 Main St, Denver","346 Maple Ave, Colorado Springs",109.81,18.15,16.8,82,2025-11-18T20:14:35.906840,2025-11-10T17:14:35.906840,2,26,5.74,Cloudy,Charged at station
trip_0072,user_013,car_073,39.699837,-104.960646,38.828856,-104.858357,"332 Main St, Denver","291 Maple Ave, Colorado Springs",104.54,21.65,18.02,78,2025-11-22T20:14:35.906840,2025-11-27T17:14:35.906840,0,40,13.35,Cloudy,Smooth trip
trip_0073,user_014,car_074,33.722919,-84.359727,35.203101,-80.873857,"167 Main St, Atlanta","953 Pine Ave, Charlotte",407.45,87.83,72.55,306,2025-11-26T20:14:35.906840,2025-11-17T16:14:35.906840,2,26,45.1,Cloudy,Charged at station
trip_0074,user_015,car_075,39.705693,-105.024331,38.822162,-104.814292,"932 Main St, Denver","525 Pine Ave, Colorado Springs",109.97,17.88,24.87,82,2025-11-08T20:14:35.906840,2025-11-07T19:14:35.906840,2,7,8.0,Windy,Charged at station
trip_0075,user_016,car_076,32.788176,-96.778399,32.783969,-97.3761,"184 Oak St, Dallas","159 Pine Ave, Fort Worth",49.25,11.52,9.2,37,2025-11-13T20:14:35.906840,2025-11-26T16:14:35.906840,2,58,3.44,Cloudy,Smooth trip
trip_0076,user_017,car_077,33.717028,-84.359474,35.230206,-80.801884,"516 Oak St, Atlanta","653 Maple Ave, Charlotte",348.72,75.73,63.01,262,2025-11-28T20:14:35.906840,2025-12-04T16:14:35.906840,1,41,18.39,Windy,Traffic delays
trip_0077,user_018,car_078,40.757857,-73.961679,42.353776,-71.036159,"930 Main St, New York","146 Maple Ave, Boston",327.73,67.74,70.94,246,2025-11-22T20:14:35.906840,2025-11-13T18:14:35.906840,2,44,34.46,Clear,Traffic delays
trip_0078,user_019,car_079,39.973485,-75.172544,38.882012,-77.073443,"241 Main St, Philadelphia","229 Maple Ave, Washington DC",201.32,40.59,52.15,151,2025-11-13T20:14:35.906840,2025-11-09T18:14:35.906840,1,36,15.4,Cloudy,
trip_0079,user_020,car_080,37.748393,-122.394467,37.362739,-121.841656,"801 Main St, San Francisco","921 Maple Ave, San Jose",69.32,13.79,12.04,52,2025-12-04T20:14:35.906840,2025-12-02T15:14:35.906840,2,3,9.13,Clear,
trip_0080,user_021,car_001,29.781523,-95.416989,30.253077,-97.773549,"618 Main St, Houston","234 Pine Ave, Austin",266.54,42.01,58.13,200,2025-11-21T20:14:35.906840,2025-11-18T16:14:35.906840,2,11,15.8,Rainy,Smooth trip
trip_0081,user_022,car_002,33.717017,-84.390663,35.204183,-80.836121,"221 Oak St, Atlanta","520 Pine Ave, Charlotte",377.02,93.26,76.6,283,2025-12-03T20:14:35.906840,2025-11-25T16:14:35.906840,1,52,30.43,Windy,Traffic delays
trip_0082,user_023,car_003,40.712459,-74.043943,42.405652,-71.090242,"406 Main St, New York","763 Maple Ave, Boston",311.18,56.63,63.5,233,2025-11-14T20:14:35.906840,2025-11-22T16:14:35.906840,1,10,43.39,Clear,Traffic delays
trip_0083,user_024,car_004,37.725449,-122.395066,37.372195,-121.931781,"363 Main St, San Francisco","544 Pine Ave, San Jose",72.1,16.42,15.16,54,2025-11-26T20:14:35.906840,2025-11-26T15:14:35.906840,0,13,5.64,Windy,Smooth trip
trip_0084,user_025,car_005,41.857233,-87.649699,39.735069,-86.145807,"623 Main St, Chicago","114 Pine Ave, Indianapolis",309.64,75.47,66.97,232,2025-11-27T20:14:35.906840,2025-11-27T15:14:35.906840,1,33,41.19,Cloudy,
trip_0085,user_026,car_006,39.689714,-105.016414,38.816383,-104.808342,"369 Main St, Denver","243 Maple Ave, Colorado Springs",106.46,16.71,23.43,80,2025-11-23T20:14:35.906840,2025-11-14T18:14:35.906840,0,57,5.65,Clear,Traffic delays
trip_0086,user_027,car_007,47.636647,-122.339878,45.553006,-122.656191,"652 Main St, Seattle","746 Maple Ave, Portland",268.61,52.06,45.2,201,2025-11-22T20:14:35.906840,2025-11-24T18:14:35.906840,0,1,18.14,Windy,Traffic delays
trip_0087,user_028,car_008,34.059334,-118.258032,32.733821,-117.140367,"836 Oak St, Los Angeles","749 Pine Ave, San Diego",197.45,34.26,39.12,148,2025-11-18T20:14:35.906840,2025-11-19T18:14:35.906840,1,29,21.69,Cloudy,
trip_0088,user_029,car_009,41.878398,-87.662416,39.80446,-86.148263,"753 Oak St, Chicago","278 Pine Ave, Indianapolis",281.53,43.92,43.15,211,2025-12-02T20:14:35.906840,2025-11-12T16:14:35.906840,1,39,30.9,Clear,Smooth trip
trip_0089,user_030,car_010,47.559153,-122.292085,45.484199,-122.669088,"216 Main St, Seattle","261 Maple Ave, Portland",258.92,46.03,36.29,194,2025-11-10T20:14:35.907355,2025-11-14T19:14:35.907355,2,14,24.35,Cloudy,Charged at station
trip_0090,user_031,car_011,40.725341,-74.006224,42.395753,-71.093887,"741 Oak St, New York","794 Pine Ave, Boston",357.62,64.05,71.23,268,2025-11-09T20:14:35.907355,2025-11-11T16:14:35.907355,0,2,21.01,Windy,Charged at station
trip_0091,user_032,car_012,32.779862,-96.760662,32.755412,-97.306739,"498 Oak St, Dallas","680 Pine Ave, Fort Worth",49.88,11.57,8.37,37,2025-12-02T20:14:35.907355,2025-12-03T19:14:35.907355,2,32,7.38,Rainy,Traffic delays
trip_0092,user_033,car_013,32.812453,-96.773067,32.774088,-97.325746,"631 Oak St, Dallas","596 Maple Ave, Fort Worth",51.58,9.72,9.28,39,2025-11-23T20:14:35.907355,2025-11-15T17:14:35.907355,2,12,3.91,Windy,
trip_0093,user_034,car_014,34.050582,-118.215289,32.734442,-117.171024,"421 Main St, Los Angeles","184 Pine Ave, San Diego",204.81,44.76,33.98,154,2025-11-06T20:14:35.907355,2025-11-30T19:14:35.907355,1,31,21.69,Clear,Smooth trip
trip_0094,user_035,car_015,41.846835,-87.640088,39.817755,-86.180435,"749 Main St, Chicago","651 Maple Ave, Indianapolis",277.52,57.96,39.75,208,2025-11-07T20:14:35.907355,2025-11-18T17:14:35.907355,1,52,22.01,Clear,Traffic delays
trip_0095,user_036,car_016,33.743094,-84.424731,35.272908,-80.874413,"222 Oak St, Atlanta","347 Pine Ave, Charlotte",366.8,55.76,66.56,275,2025-11-20T20:14:35.907355,2025-11-20T19:14:35.907355,2,27,31.71,Clear,Charged at station
trip_0096,user_037,car_017,33.752268,-84.377041,35.233034,-80.833727,"213 Main St, Atlanta","574 Maple Ave, Charlotte",372.56,74.37,95.7,279,2025-11-14T20:14:35.907355,2025-12-05T18:14:35.907355,1,20,36.79,Clear,Smooth trip
trip_0097,user_038,car_018,47.584942,-122.299455,45.515377,-122.692912,"199 Main St, Seattle","285 Maple Ave, Portland",258.03,47.32,46.25,194,2025-11-12T20:14:35.907355,2025-11-16T18:14:35.907355,1,43,14.79,Cloudy,Charged at station
trip_0098,user_039,car_019,32.823099,-96.806718,32.776166,-97.354375,"425 Oak St, Dallas","817 Maple Ave, Fort Worth",45.87,8.46,10.64,34,2025-11-22T20:14:35.907355,2025-11-25T19:14:35.907355,2,51,2.62,Windy,Traffic delays
trip_0099,user_040,car_020,29.793525,-95.341725,30.236128,-97.737371,"886 Main St, Houston","332 Maple Ave, Austin",278.32,64.32,39.49,209,2025-11-17T20:14:35.907355,2025-11-09T15:14:35.907355,0,42,39.87,Rainy,Charged at station
trip_0100,user_041,car_021,37.750562,-122.376936,37.298477,-121.920843,"174 Main St, San Francisco","281 Maple Ave, San Jose",76.29,18.01,19.53,57,2025-12-03T20:14:35.907355,2025-11-23T18:14:35.907355,1,7,4.66,Clear,Traffic delays
trip_0101,user_042,car_022,39.708208,-105.025077,38.861866,-104.8651,"571 Main St, Denver","786 Maple Ave, Colorado Springs",111.95,25.89,28.71,84,2025-11-12T20:14:35.907355,2025-11-15T16:14:35.907355,1,15,9.54,Rainy,Smooth trip
trip_0102,user_043,car_023,37.802762,-122.402892,37.359876,-121.872347,"931 Oak St, San Francisco","385 Pine Ave, San Jose",74.92,18.62,17.11,56,2025-11-19T20:14:35.907355,2025-11-22T17:14:35.907355,1,12,10.46,Windy,Charged at station
trip_0103,user_044,car_024,41.839277,-87.636326,39.726327,-86.122988,"112 Oak St, Chicago","606 Maple Ave, Indianapolis",272.19,67.74,52.39,204,2025-11-27T20:14:35.907355,2025-12-03T15:14:35.907355,1,45,38.83,Clear,Smooth trip
trip_0104,user_045,car_025,37.750445,-122.387494,37.322399,-121.851396,"721 Main St, San Francisco","513 Maple Ave, San Jose",65.62,14.63,9.31,49,2025-11-27T20:14:35.907355,2025-11-29T18:14:35.907355,2,49,3.96,Rainy,Traffic delays
trip_0105,user_046,car_026,40.693709,-73.992463,42.407975,-71.061873,"770 Oak St, New York","944 Maple Ave, Boston",369.68,69.02,85.96,277,2025-11-14T20:14:35.907355,2025-12-04T16:14:35.907355,1,39,54.25,Rainy,Charged at station
trip_0106,user_047,car_027,34.029499,-118.261566,32.751538,-117.156556,"614 Oak St, Los Angeles","945 Pine Ave, San Diego",185.15,35.03,39.82,139,2025-11-17T20:14:35.907355,2025-11-21T19:14:35.907355,0,25,20.59,Cloudy,
trip_0107,user_048,car_028,39.726745,-104.983222,38.877523,-104.844637,"251 Oak St, Denver","820 Maple Ave, Colorado Springs",115.2,27.04,22.6,86,2025-11-23T20:14:35.907355,2025-11-17T17:14:35.907355,0,47,17.18,Rainy,
trip_0108,user_049,car_029,32.795718,-96.777228,32.712626,-97.320487,"274 Main St, Dallas","597 Maple Ave, Fort Worth",50.4,10.35,10.93,38,2025-11-29T20:14:35.907355,2025-12-03T19:14:35.907355,1,12,6.26,Cloudy,Charged at station
trip_0109,user_050,car_030,33.733268,-84.395437,35.266448,-80.800809,"697 Main St, Atlanta","955 Pine Ave, Charlotte",367.82,67.25,92.27,276,2025-12-05T20:14:35.907355,2025-11-17T16:14:35.907355,2,59,28.77,Rainy,Smooth trip
trip_0110,user_051,car_031,33.758962,-84.341472,35.177799,-80.799298,"374 Main St, Atlanta","367 Pine Ave, Charlotte",393.04,88.73,102.05,295,2025-11-10T20:14:35.907355,2025-11-14T16:14:35.907355,0,39,35.44,Windy,Traffic delays
trip_0111,user_052,car_032,32.744943,-96.771602,32.752333,-97.302375,"540 Oak St, Dallas","935 Maple Ave, Fort Worth",54.8,12.39,10.36,41,2025-11-29T20:14:35.907355,2025-11-16T18:14:35.907355,0,10,5.74,Windy,Smooth trip
trip_0112,user_053,car_033,34.038199,-118.293036,32.746449,-117.151644,"114 Oak St, Los Angeles","952 Pine Ave, San Diego",186.25,44.92,47.65,140,2025-11-06T20:14:35.907355,2025-11-09T19:14:35.907355,0,42,14.56,Cloudy,Traffic delays
trip_0113,user_054,car_034,39.990883,-75.126103,38.913099,-77.004605,"864 Oak St, Philadelphia","728 Maple Ave, Washington DC",211.14,43.34,35.6,158,2025-11-06T20:14:35.907355,2025-11-11T17:14:35.907355,2,20,23.44,Windy,Smooth trip
trip_0114,user_055,car_035,41.872769,-87.615649,39.725253,-86.132325,"351 Oak St, Chicago","678 Pine Ave, Indianapolis",282.81,63.05,48.03,212,2025-11-13T20:14:35.907355,2025-11-16T17:14:35.907355,0,53,16.12,Rainy,Charged at station
trip_0115,user_056,car_036,39.91304,-75.191481,38.955272,-76.989199,"750 Main St, Philadelphia","629 Pine Ave, Washington DC",241.24,49.67,46.81,181,2025-11-13T20:14:35.907355,2025-11-14T15:14:35.907355,2,9,23.06,Clear,Traffic delays
trip_0116,user_057,car_037,29.739496,-95.385264,30.247937,-97.755364,"961 Oak St, Houston","780 Maple Ave, Austin",248.57,38.55,37.63,186,2025-11-14T20:14:35.907355,2025-11-25T15:14:35.907355,1,21,26.94,Rainy,Smooth trip
trip_0117,user_058,car_038,34.042259,-118.231243,32.702363,-117.185097,"404 Oak St, Los Angeles","507 Maple Ave, San Diego",192.83,43.74,44.21,145,2025-11-27T20:14:35.907355,2025-11-06T18:14:35.907355,1,12,18.45,Rainy,
trip_0118,user_059,car_039,34.098556,-118.257487,32.676623,-117.192257,"636 Oak St, Los Angeles","876 Maple Ave, San Diego",177.44,30.32,38.46,133,2025-11-13T20:14:35.907355,2025-11-10T17:14:35.907355,2,54,15.74,Rainy,Charged at station
trip_0119,user_060,car_040,39.78146,-105.017702,38.793677,-104.858603,"708 Oak St, Denver","134 Pine Ave, Colorado Springs",120.57,20.35,24.26,90,2025-12-02T20:14:35.907355,2025-11-17T19:14:35.907355,0,59,9.45,Cloudy,Traffic delays
trip_0120,user_001,car_041,34.093702,-118.194882,32.72763,-117.176599,"734 Oak St, Los Angeles","861 Maple Ave, San Diego",202.89,48.19,34.56,152,2025-11-30T20:14:35.907355,2025-12-04T15:14:35.907355,2,30,27.62,Cloudy,Traffic delays
trip_0121,user_002,car_042,47.652347,-122.345118,45.503305,-122.696774,"467 Main St, Seattle","646 Maple Ave, Portland",266.59,63.4,57.47,200,2025-12-05T20:14:35.907355,2025-11-21T15:14:35.907355,0,42,15.81,Clear,
trip_0122,user_003,car_043,32.814581,-96.808429,32.750565,-97.379743,"575 Oak St, Dallas","456 Maple Ave, Fort Worth",47.17,9.08,8.86,35,2025-11-22T20:14:35.907355,2025-11-14T17:14:35.907355,0,41,4.37,Windy,Traffic delays
trip_0123,user_004,car_044,39.704174,-104.998495,38.882352,-104.777326,"242 Oak St, Denver","489 Pine Ave, Colorado Springs",117.09,23.38,21.46,88,2025-11-06T20:14:35.907355,2025-11-10T16:14:35.907355,2,45,14.88,Cloudy,Traffic delays
trip_0124,user_005,car_045,34.042385,-118.263569,32.757049,-117.206791,"801 Oak St, Los Angeles","655 Maple Ave, San Diego",205.98,34.21,30.54,154,2025-11-16T20:14:35.907355,2025-11-28T16:14:35.907355,2,38,26.53,Windy,Traffic delays
trip_0125,user_006,car_046,39.995201,-75.207148,38.87607,-77.085689,"126 Main St, Philadelphia","664 Pine Ave, Washington DC",235.05,38.38,58.48,176,2025-11-23T20:14:35.907355,2025-11-16T19:14:35.907355,2,27,17.29,Rainy,Charged at station
trip_0126,user_007,car_047,32.752969,-96.755134,32.772464,-97.32222,"187 Oak St, Dallas","386 Pine Ave, Fort Worth",51.72,12.02,9.56,39,2025-11-06T20:14:35.907355,2025-11-10T15:14:35.907355,2,41,3.42,Rainy,Traffic delays
trip_0127,user_008,car_048,32.745761,-96.761997,32.802929,-97.325158,"451 Oak St, Dallas","121 Pine Ave, Fort Worth",49.28,9.3,10.06,37,2025-11-10T20:14:35.907355,2025-11-26T15:14:35.907355,0,49,7.09,Cloudy,
trip_0128,user_009,car_049,47.593311,-122.299803,45.511143,-122.633705,"152 Main St, Seattle","255 Maple Ave, Portland",283.67,52.63,57.83,213,2025-11-07T20:14:35.907355,2025-11-09T19:14:35.907355,0,58,38.38,Windy,Smooth trip
trip_0129,user_010,car_050,39.741647,-104.958764,38.809192,-104.866388,"115 Oak St, Denver","491 Maple Ave, Colorado Springs",99.43,17.72,16.55,75,2025-12-02T20:14:35.907355,2025-11-21T16:14:35.907355,0,21,9.3,Windy,
trip_0130,user_011,car_051,34.091384,-118.201054,32.745038,-117.12103,"362 Oak St, Los Angeles","174 Pine Ave, San Diego",193.48,42.9,30.35,145,2025-11-10T20:14:35.907355,2025-11-13T16:14:35.907355,1,23,14.21,Rainy,Traffic delays
trip_0131,user_012,car_052,47.583428,-122.335224,45.516382,-122.672164,"859 Oak St, Seattle","431 Pine Ave, Portland",271.93,51.29,56.41,204,2025-11-11T20:14:35.907355,2025-11-21T19:14:35.907355,0,29,37.51,Rainy,
trip_0132,user_013,car_053,37.731092,-122.45288,37.304335,-121.860273,"715 Main St, San Francisco","277 Pine Ave, San Jose",73.65,13.15,14.9,55,2025-11-28T20:14:35.907355,2025-11-17T17:14:35.907355,1,59,3.88,Cloudy,
trip_0133,user_014,car_054,39.961664,-75.115919,38.904503,-77.005498,"671 Oak St, Philadelphia","111 Pine Ave, Washington DC",237.65,46.73,36.6,178,2025-12-03T20:14:35.907355,2025-11-06T15:14:35.907355,2,15,18.74,Clear,Charged at station
trip_0134,user_015,car_055,39.94619,-75.207566,38.918323,-77.082752,"517 Main St, Philadelphia","246 Pine Ave, Washington DC",234.15,48.57,57.5,176,2025-11-15T20:14:35.907355,2025-11-06T18:14:35.907355,0,0,16.84,Windy,
trip_0135,user_016,car_056,47.580657,-122.334794,45.526229,-122.653268,"357 Oak St, Seattle","178 Maple Ave, Portland",302.13,51.47,66.95,227,2025-11-18T20:14:35.907355,2025-11-08T19:14:35.907866,1,41,33.91,Windy,Charged at station
trip_0136,user_017,car_057,40.712148,-74.042067,42.40207,-71.037347,"668 Main St, New York","754 Pine Ave, Boston",314.48,54.34,72.7,236,2025-11-22T20:14:35.907866,2025-11-21T15:14:35.907866,2,12,43.19,Rainy,Traffic delays
trip_0137,user_018,car_058,33.728766,-84.412587,35.230682,-80.841975,"141 Oak St, Atlanta","249 Maple Ave, Charlotte",370.14,73.62,62.22,278,2025-11-14T20:14:35.907866,2025-11-18T17:14:35.907866,0,28,51.77,Clear,Smooth trip
trip_0138,user_019,car_059,41.834005,-87.67895,39.731294,-86.171938,"193 Main St, Chicago","803 Pine Ave, Indianapolis",295.02,57.01,45.63,221,2025-11-24T20:14:35.907866,2025-11-29T15:14:35.907866,0,41,43.38,Cloudy,
trip_0139,user_020,car_060,29.805019,-95.372738,30.317168,-97.77739,"286 Main St, Houston","364 Pine Ave, Austin",249.91,49.59,61.64,187,2025-11-18T20:14:35.907866,2025-11-10T16:14:35.907866,2,56,14.47,Rainy,Smooth trip
trip_0140,user_021,car_061,39.970714,-75.211327,38.909473,-77.082252,"138 Oak St, Philadelphia","837 Maple Ave, Washington DC",210.07,41.97,41.0,158,2025-11-11T20:14:35.907866,2025-11-30T17:14:35.907866,1,32,29.97,Cloudy,
trip_0141,user_022,car_062,47.630043,-122.302658,45.555601,-122.701789,"601 Oak St, Seattle","601 Pine Ave, Portland",304.7,60.97,75.52,229,2025-11-19T20:14:35.907866,2025-11-10T18:14:35.907866,0,13,29.44,Rainy,
trip_0142,user_023,car_063,41.880057,-87.590145,39.734039,-86.205579,"562 Main St, Chicago","670 Maple Ave, Indianapolis",315.35,64.57,53.95,237,2025-11-26T20:14:35.907866,2025-11-30T18:14:35.907866,2,20,22.93,Rainy,
trip_0143,user_024,car_064,29.791181,-95.406228,30.261301,-97.791413,"409 Main St, Houston","621 Maple Ave, Austin",243.61,53.62,56.43,183,2025-12-03T20:14:35.907866,2025-11-24T19:14:35.907866,1,19,26.83,Clear,
trip_0144,user_025,car_065,32.758968,-96.831672,32.720321,-97.293403,"891 Main St, Dallas","386 Pine Ave, Fort Worth",45.48,8.58,9.34,34,2025-11-27T20:14:35.907866,2025-11-07T19:14:35.907866,0,1,4.54,Cloudy,Smooth trip
trip_0145,user_026,car_066,29.762028,-95.371552,30.290034,-97.745302,"590 Oak St, Houston","214 Maple Ave, Austin",278.49,53.61,39.16,209,2025-11-08T20:14:35.907866,2025-11-14T18:14:35.907866,2,9,23.82,Windy,
trip_0146,user_027,car_067,40.762333,-73.978316,42.348096,-71.080032,"836 Oak St, New York","448 Maple Ave, Boston",314.81,74.14,61.11,236,2025-12-03T20:14:35.907866,2025-11-23T17:14:35.907866,0,12,35.62,Clear,Charged at station
trip_0147,user_028,car_068,34.035983,-118.257386,32.690942,-117.205372,"761 Main St, Los Angeles","683 Maple Ave, San Diego",171.51,34.89,38.88,129,2025-11-10T20:14:35.907866,2025-11-22T18:14:35.907866,1,45,9.09,Rainy,
trip_0148,user_029,car_069,29.772022,-95.37106,30.259766,-97.701553,"425 Main St, Houston","381 Maple Ave, Austin",272.8,60.32,61.29,205,2025-11-17T20:14:35.907866,2025-11-07T17:14:35.907866,0,24,28.57,Windy,Traffic delays
trip_0149,user_030,car_070,47.563193,-122.301732,45.547167,-122.642269,"268 Oak St, Seattle","683 Maple Ave, Portland",280.96,56.21,66.2,211,2025-11-08T20:14:35.907866,2025-11-06T19:14:35.907866,1,43,16.64,Windy,Charged at station
trip_0150,user_031,car_071,39.984335,-75.171269,38.896333,-77.065276,"124 Main St, Philadelphia","287 Maple Ave, Washington DC",234.53,37.0,37.0,176,2025-11-21T20:14:35.907866,2025-12-03T16:14:35.907866,1,41,31.53,Rainy,Charged at station
