user_id,email,username,password,full_name,phone,created_at
user_001,user1@example.com,user_001,password123,User 1 Name,+1-555-583-9626,2025-12-06T20:14:35.896803
user_002,user2@example.com,user_002,password123,User 2 Name,+1-555-299-4294,2025-12-06T20:14:35.896803
user_003,user3@example.com,user_003,password123,User 3 Name,+1-555-322-5676,2025-12-06T20:14:35.896803
user_004,user4@example.com,user_004,password123,User 4 Name,+1-555-330-4197,2025-12-06T20:14:35.896803
user_005,user5@example.com,user_005,password123,User 5 Name,+1-555-108-7477,2025-12-06T20:14:35.896803
user_006,user6@example.com,user_006,password123,User 6 Name,+1-555-751-3138,2025-12-06T20:14:35.896803
user_007,user7@example.com,user_007,password123,User 7 Name,+1-555-280-8656,2025-12-06T20:14:35.896803
user_008,user8@example.com,user_008,password123,User 8 Name,+1-555-865-6613,2025-12-06T20:14:35.896803
user_009,user9@example.com,user_009,password123,User 9 Name,+1-555-303-6152,2025-12-06T20:14:35.896803
user_010,user10@example.com,user_010,password123,User 10 Name,+1-555-181-4633,2025-12-06T20:14:35.896803
user_011,user11@example.com,user_011,password123,User 11 Name,+1-555-258-4108,2025-12-06T20:14:35.896803
user_012,user12@example.com,user_012,password123,User 12 Name,+1-555-180-5432,2025-12-06T20:14:35.896803
user_013,user13@example.com,user_013,password123,User 13 Name,+1-555-737-8208,2025-12-06T20:14:35.897427
user_014,user14@example.com,user_014,password123,User 14 Name,+1-555-969-2775,2025-12-06T20:14:35.897427
user_015,user15@example.com,user_015,password123,User 15 Name,+1-555-568-3886,2025-12-06T20:14:35.897427
user_016,user16@example.com,user_016,password123,User 16 Name,+1-555-903-7216,2025-12-06T20:14:35.897427
user_017,user17@example.com,user_017,password123,User 17 Name,+1-555-770-4280,2025-12-06T20:14:35.897427
user_018,user18@example.com,user_018,password123,User 18 Name,+1-555-127-6134,2025-12-06T20:14:35.897427
user_019,user19@example.com,user_019,password123,User 19 Name,+1-555-512-5085,2025-12-06T20:14:35.897427
user_020,user20@example.com,user_020,password123,User 20 Name,+1-555-726-6626,2025-12-06T20:14:35.897427
user_021,user21@example.com,user_021,password123,User 21 Name,+1-555-151-1519,2025-12-06T20:14:35.897427
user_022,user22@example.com,user_022,password123,User 22 Name,+1-555-994-7605,2025-12-06T20:14:35.897427
user_023,user23@example.com,user_023,password123,User 23 Name,+1-555-189-4436,2025-12-06T20:14:35.897427
user_024,user24@example.com,user_024,password123,User 24 Name,+1-555-627-7429,2025-12-06T20:14:35.897427
user_025,user25@example.com,user_025,password123,User 25 Name,+1-555-807-9015,2025-12-06T20:14:35.897427
user_026,user26@example.com,user_026,password123,User 26 Name,+1-555-872-8205,2025-12-06T20:14:35.897427
user_027,user27@example.com,user_027,password123,User 27 Name,+1-555-868-3251,2025-12-06T20:14:35.897427
user_028,user28@example.com,user_028,password123,User 28 Name,+1-555-631-9263,2025-12-06T20:14:35.897427
user_029,user29@example.com,user_029,password123,User 29 Name,+1-555-850-9585,2025-12-06T20:14:35.897427
user_030,user30@example.com,user_030,password123,User 30 Name,+1-555-425-5576,2025-12-06T20:14:35.897427
user_031,user31@example.com,user_031,password123,User 31 Name,+1-555-138-9684,2025-12-06T20:14:35.897427
user_032,user32@example.com,user_032,password123,User 32 Name,+1-555-517-2587,2025-12-06T20:14:35.897427
user_033,user33@example.com,user_033,password123,User 33 Name,+1-555-234-5182,2025-12-06T20:14:35.897427
user_034,user34@example.com,user_034,password123,User 34 Name,+1-555-548-6986,2025-12-06T20:14:35.897427
user_035,user35@example.com,user_035,password123,User 35 Name,+1-555-562-7114,2025-12-06T20:14:35.897427
user_036,user36@example.com,user_036,password123,User 36 Name,+1-555-405-4334,2025-12-06T20:14:35.897427
user_037,user37@example.com,user_037,password123,User 37 Name,+1-555-499-2998,2025-12-06T20:14:35.897427
user_038,user38@example.com,user_038,password123,User 38 Name,+1-555-616-9392,2025-12-06T20:14:35.897427
user_039,user39@example.com,user_039,password123,User 39 Name,+1-555-326-4659,2025-12-06T20:14:35.897427
user_040,user40@example.com,user_040,password123,User 40 Name,+1-555-971-1966,2025-12-06T20:14:35.897427
user_041,user41@example.com,user_041,password123,User 41 Name,+1-555-743-1186,2025-12-06T20:14:35.897427
user_042,user42@example.com,user_042,password123,User 42 Name,+1-555-754-5441,2025-12-06T20:14:35.897427
user_043,user43@example.com,user_043,password123,User 43 Name,+1-555-414-3271,2025-12-06T20:14:35.897427
user_044,user44@example.com,user_044,password123,User 44 Name,+1-555-969-1629,2025-12-06T20:14:35.897427
user_045,user45@example.com,user_045,password123,User 45 Name,+1-555-759-1642,2025-12-06T20:14:35.897427
user_046,user46@example.com,user_046,password123,User 46 Name,+1-555-511-7085,2025-12-06T20:14:35.897427
user_047,user47@example.com,user_047,password123,User 47 Name,+1-555-846-3493,2025-12-06T20:14:35.897427
user_048,user48@example.com,user_048,password123,User 48 Name,+1-555-654-4906,2025-12-06T20:14:35.897427
user_049,user49@example.com,user_049,password123,User 49 Name,+1-555-334-3783,2025-12-06T20:14:35.897427
user_050,user50@example.com,user_050,password123,User 50 Name,+1-555-497-5399,2025-12-06T20:14:35.897427
user_051,user51@example.com,user_051,password123,User 51 Name,+1-555-170-4856,2025-12-06T20:14:35.897427
user_052,user52@example.com,user_052,password123,User 52 Name,+1-555-325-6640,2025-12-06T20:14:35.897427
user_053,user53@example.com,user_053,password123,User 53 Name,+1-555-844-9158,2025-12-06T20:14:35.897427
user_054,user54@example.com,user_054,password123,User 54 Name,+1-555-610-1683,2025-12-06T20:14:35.897427
user_055,user55@example.com,user_055,password123,User 55 Name,+1-555-980-9633,2025-12-06T20:14:35.897427
user_056,user56@example.com,user_056,password123,User 56 Name,+1-555-233-3484,2025-12-06T20:14:35.897427
user_057,user57@example.com,user_057,password123,User 57 Name,+1-555-452-7386,2025-12-06T20:14:35.897427
user_058,user58@example.com,user_058,password123,User 58 Name,+1-555-915-4493,2025-12-06T20:14:35.897427
user_059,user59@example.com,user_059,password123,User 59 Name,+1-555-414-3908,2025-12-06T20:14:35.897427
user_060,user60@example.com,user_060,password123,User 60 Name,+1-555-474-6801,2025-12-06T20:14:35.897427
